<?xml version="1.0" encoding="UTF-8"?>
<!DOCTYPE mapper PUBLIC "-//mybatis.org//DTD Mapper 3.0//EN" "http://mybatis.org/dtd/mybatis-3-mapper.dtd">
<mapper namespace="com.ddmc.kanban.dao.kanban.GovUserDao">
   
    <resultMap id="BaseResultMap" type="com.ddmc.kanban.model.login.gov.GovUser">
    	<id column="id" jdbcType="INTEGER" property="id"/>
    	<result column="username" jdbcType="VARCHAR" property="username"/>
    	<result column="password" jdbcType="VARCHAR" property="password"/>
    	<result column="email" jdbcType="VARCHAR" property="email"/>
    	<result column="telephone" jdbcType="VARCHAR" property="telephone"/>
		<result column="image" jdbcType="VARCHAR" property="image"/>
		<result column="last_ip" jdbcType="VARCHAR" property="lastIp"/>
    	<result column="last_time" jdbcType="VARCHAR" property="lastTime"/>
    </resultMap>
    
    <sql id="Base_Column_List">
		id,
		username,
		password,
		email,
		telephone,
		image,
		last_ip,
		last_time
    </sql>
    
    <insert id="save" parameterType="com.ddmc.kanban.model.login.gov.GovUser">
    	INSERT INTO gov_user (
			username,
			password,
			email,
			telephone,
			image,
			last_ip,
			last_time
		)
		VALUES
			(#{username}, #{password}, #{email}, #{telephone} , #{image}, #{lastIp}, #{lastTime})
    </insert>
    
    <select id="findByUsername" resultMap="BaseResultMap">
    	SELECT 
    		<include refid="Base_Column_List"/>
    	FROM
			gov_user
    	WHERE
			username = #{username,jdbcType=VARCHAR}
    </select>


    
    
    
</mapper>