<?xml version="1.0" encoding="UTF-8"?>
<!DOCTYPE mapper PUBLIC "-//mybatis.org//DTD Mapper 3.0//EN" "http://mybatis.org/dtd/mybatis-3-mapper.dtd">
<mapper namespace="com.ddmc.kanban.dao.kanban.ProductDao">
    <!-- 根据商品ID查询商品保质期和可售期 -->
    <resultMap id="ResultMapWithPeriod" type="com.ddmc.kanban.model.ProductQualityAndSalePeriod">
        <id column="product_id" jdbcType="INTEGER" property="productId"/>
        <result column="quality_period" jdbcType="INTEGER" property="qualityPeriod"/>
        <result column="sale_period" jdbcType="INTEGER" property="salePeriod"/>
    </resultMap>

    <select id="selectPeriodsByProductIds" resultMap="ResultMapWithPeriod">
        SELECT product_id,quality_period,sale_period FROM product WHERE product_id in
        <foreach collection="productIds" item="productId" index="index" open="(" close=")" separator=",">
            #{productId,jdbcType=INTEGER}
        </foreach>
        AND status=0 AND is_batch=1 AND type_id NOT IN (35,3,23,24,25,26,27,35,7)
    </select>

    <resultMap id="ResultMapWithProduct" type="com.ddmc.kanban.client.productsource.response.ProductInfoResponseVo">
        <result column="product_name" jdbcType="INTEGER" property="productName"/>
        <result column="sku_id" jdbcType="INTEGER" property="productId"/>
    </resultMap>

    <select id="selectProductName" resultMap="ResultMapWithProduct">
        SELECT product_name,sku_id
        FROM product
        WHERE product_name LIKE CONCAT(#{productName}, '%')
        limit
        #{page}
        ,
        #{pageSize}
    </select>

    <select id="selectAllByProductName" parameterType="java.lang.String" resultType="java.lang.Integer">
        SELECT count(product_name)
        FROM product
        WHERE product_name LIKE CONCAT(#{productName}, '%')
    </select>

    <select id="selectProductNameByProductIds" resultMap="BaseResultMap">
        SELECT product_id,product_name from product where product_id in
        <foreach collection="productIds" item="productId" index="index" open="(" close=")" separator=",">
            ${productId}
        </foreach>
    </select>
</mapper>
