<?xml version="1.0" encoding="UTF-8"?>
<!DOCTYPE mapper PUBLIC "-//mybatis.org//DTD Mapper 3.0//EN" "http://mybatis.org/dtd/mybatis-3-mapper.dtd">
<mapper namespace="com.ddmc.kanban.dao.kanban.StoreProductBatchTempDao">
    <resultMap id="BaseResultMap" type="com.ddmc.kanban.model.StoreProductBatchTemp">
        <!--@mbg.generated 2019-03-22 16:00:14-->
        <id column="id" jdbcType="BIGINT" property="id"/>
        <result column="type" jdbcType="INTEGER" property="type"/>
        <result column="store_id" jdbcType="INTEGER" property="storeId"/>
        <result column="product_id" jdbcType="INTEGER" property="productId"/>
        <result column="batch_id" jdbcType="VARCHAR" property="batchId"/>
        <result column="batch_update_time" jdbcType="TIMESTAMP" property="batchUpdateTime"/>
        <result column="amount" jdbcType="DECIMAL" property="amount"/>
        <result column="quality_period" jdbcType="INTEGER" property="qualityPeriod"/>
        <result column="sale_period" jdbcType="INTEGER" property="salePeriod"/>
        <result column="create_time" jdbcType="TIMESTAMP" property="createTime"/>
        <result column="update_time" jdbcType="TIMESTAMP" property="updateTime"/>
    </resultMap>
    <sql id="Base_Column_List">
        <!--@mbg.generated 2019-03-22 16:00:14-->
        id, type, store_id, product_id, batch_id, batch_update_time, amount, quality_period,
        sale_period, create_time, update_time
    </sql>
    <insert id="insert" parameterType="com.ddmc.kanban.model.StoreProductBatchTemp">
        <!--@mbg.generated 2019-03-22 16:00:14-->
        INSERT INTO store_product_batch_temp (
        type, store_id, product_id, batch_id, batch_update_time, amount, quality_period,
        sale_period, create_time, update_time
        ) VALUES (
        #{type,jdbcType=INTEGER}, #{storeId,jdbcType=INTEGER}, #{productId,jdbcType=INTEGER},
        #{batchId,jdbcType=VARCHAR}, #{batchUpdateTime,jdbcType=TIMESTAMP}, #{amount,jdbcType=DECIMAL},
        #{qualityPeriod,jdbcType=INTEGER}, #{salePeriod,jdbcType=INTEGER}, #{createTime,jdbcType=TIMESTAMP},
        #{updateTime,jdbcType=TIMESTAMP}
        )
    </insert>
    <insert id="insertList" parameterType="java.util.List">
        <!--@mbg.generated 2019-03-22 16:00:14-->
        INSERT INTO store_product_batch_temp (
        type, store_id, product_id, batch_id, batch_update_time, amount, quality_period,
        sale_period, create_time, update_time
        ) VALUES
        <foreach collection="list" index="index" item="item" separator=",">
            (
            #{item.type,jdbcType=INTEGER}, #{item.storeId,jdbcType=INTEGER}, #{item.productId,jdbcType=INTEGER},
            #{item.batchId,jdbcType=VARCHAR}, #{item.batchUpdateTime,jdbcType=TIMESTAMP},
            #{item.amount,jdbcType=DECIMAL},
            #{item.qualityPeriod,jdbcType=INTEGER}, #{item.salePeriod,jdbcType=INTEGER},
            #{item.createTime,jdbcType=TIMESTAMP},
            #{item.updateTime,jdbcType=TIMESTAMP}
            )
        </foreach>
    </insert>
    <select id="selectById" parameterType="java.lang.Long" resultMap="BaseResultMap">
        <!--@mbg.generated 2019-03-22 16:00:14-->
        SELECT
        <include refid="Base_Column_List"/>
        FROM store_product_batch_temp WHERE id = #{id,jdbcType=BIGINT}
    </select>
    <select id="selectOne" parameterType="com.ddmc.kanban.model.StoreProductBatchTemp" resultMap="BaseResultMap">
        <!--@mbg.generated 2019-03-22 16:00:14-->
        SELECT
        <include refid="Base_Column_List"/>
        FROM store_product_batch_temp
        <where>
            <if test="type != null">
                AND type = #{type,jdbcType=INTEGER}
            </if>
            <if test="storeId != null">
                AND store_id = #{storeId,jdbcType=INTEGER}
            </if>
            <if test="productId != null">
                AND product_id = #{productId,jdbcType=INTEGER}
            </if>
            <if test="batchId != null">
                AND batch_id = #{batchId,jdbcType=VARCHAR}
            </if>
            <if test="batchUpdateTime != null">
                AND batch_update_time = #{batchUpdateTime,jdbcType=TIMESTAMP}
            </if>
            <if test="amount != null">
                AND amount = #{amount,jdbcType=DECIMAL}
            </if>
            <if test="qualityPeriod != null">
                AND quality_period = #{qualityPeriod,jdbcType=INTEGER}
            </if>
            <if test="salePeriod != null">
                AND sale_period = #{salePeriod,jdbcType=INTEGER}
            </if>
            <if test="createTime != null">
                AND create_time = #{createTime,jdbcType=TIMESTAMP}
            </if>
            <if test="updateTime != null">
                AND update_time = #{updateTime,jdbcType=TIMESTAMP}
            </if>
            LIMIT 1
        </where>
    </select>
    <select id="selectList" parameterType="com.ddmc.kanban.model.StoreProductBatchTemp" resultMap="BaseResultMap">
        <!--@mbg.generated 2019-03-22 16:00:14-->
        SELECT
        <include refid="Base_Column_List"/>
        FROM store_product_batch_temp
        <where>
            <if test="type != null">
                AND type = #{type,jdbcType=INTEGER}
            </if>
            <if test="storeId != null">
                AND store_id = #{storeId,jdbcType=INTEGER}
            </if>
            <if test="productId != null">
                AND product_id = #{productId,jdbcType=INTEGER}
            </if>
            <if test="batchId != null">
                AND batch_id = #{batchId,jdbcType=VARCHAR}
            </if>
            <if test="batchUpdateTime != null">
                AND batch_update_time = #{batchUpdateTime,jdbcType=TIMESTAMP}
            </if>
            <if test="amount != null">
                AND amount = #{amount,jdbcType=DECIMAL}
            </if>
            <if test="qualityPeriod != null">
                AND quality_period = #{qualityPeriod,jdbcType=INTEGER}
            </if>
            <if test="salePeriod != null">
                AND sale_period = #{salePeriod,jdbcType=INTEGER}
            </if>
            <if test="createTime != null">
                AND create_time = #{createTime,jdbcType=TIMESTAMP}
            </if>
            <if test="updateTime != null">
                AND update_time = #{updateTime,jdbcType=TIMESTAMP}
            </if>
        </where>
    </select>
    <select id="selectAll" resultMap="BaseResultMap">
        <!--@mbg.generated 2019-03-22 16:00:14-->
        SELECT
        <include refid="Base_Column_List"/>
        FROM store_product_batch_temp
    </select>
    <delete id="deleteById" parameterType="java.lang.Long">
        <!--@mbg.generated 2019-03-22 16:00:14-->
        DELETE FROM store_product_batch_temp WHERE id = #{id,jdbcType=BIGINT}
    </delete>
    <update id="update" parameterType="com.ddmc.kanban.model.StoreProductBatchTemp">
        <!--@mbg.generated 2019-03-22 16:00:14-->
        UPDATE store_product_batch_temp
        <set>
            <if test="type != null">
                type = #{type,jdbcType=INTEGER},
            </if>
            <if test="storeId != null">
                store_id = #{storeId,jdbcType=INTEGER},
            </if>
            <if test="productId != null">
                product_id = #{productId,jdbcType=INTEGER},
            </if>
            <if test="batchId != null">
                batch_id = #{batchId,jdbcType=VARCHAR},
            </if>
            <if test="batchUpdateTime != null">
                batch_update_time = #{batchUpdateTime,jdbcType=TIMESTAMP},
            </if>
            <if test="amount != null">
                amount = #{amount,jdbcType=DECIMAL},
            </if>
            <if test="qualityPeriod != null">
                quality_period = #{qualityPeriod,jdbcType=INTEGER},
            </if>
            <if test="salePeriod != null">
                sale_period = #{salePeriod,jdbcType=INTEGER},
            </if>
            <if test="createTime != null">
                create_time = #{createTime,jdbcType=TIMESTAMP},
            </if>
            <if test="updateTime != null">
                update_time = #{updateTime,jdbcType=TIMESTAMP},
            </if>
        </set>
        WHERE id = #{id,jdbcType=BIGINT}
    </update>
</mapper>