<?xml version="1.0" encoding="UTF-8"?>
<!DOCTYPE mapper PUBLIC "-//mybatis.org//DTD Mapper 3.0//EN" "http://mybatis.org/dtd/mybatis-3-mapper.dtd">
<mapper namespace="com.ddmc.kanban.dao.kanban.StoreProductBatchTempDao">
    <delete id="deleteAll">
        delete from store_product_batch_temp
    </delete>

    <select id="selectStoreProductBatch" resultMap="BaseResultMap">
        select
        <include refid="Base_Column_List"/>
        from store_product_batch_temp
        where store_id=#{storeId,jdbcType=INTEGER} AND product_id=#{productId,jdbcType=INTEGER} AND
        batch_id=#{batchId,jdbcType=VARCHAR}
    </select>

    <select id="selectWithPage" resultMap="BaseResultMap">
        select
        <include refid="Base_Column_List"/>
        from store_product_batch_temp
        <if test="skipId != null">
            where id > #{skipId,jdbcType=BIGINT}
        </if>
        order by id
        LIMIT ${skip},${limit}
    </select>

    <select id="countSkuNum" resultType="java.lang.Integer">
    select count(distinct(product_id)) from store_product_batch_temp
  </select>

    <select id="selectGroupByStoreProductWithPage"
            resultMap="com.ddmc.kanban.dao.kanban.StoreProductMonitorDao.BaseResultMap">
        SELECT t.store_id AS store_id, t.product_id AS product_id,SUM(t.amount) AS total
        FROM store_product_batch_temp t
        WHERE 1=1
        <if test="storeId != null and productId != null">
            and ((t.store_id>#{storeId,jdbcType=INTEGER}) OR (t.store_id=#{storeId,jdbcType=INTEGER} AND t.product_id>
            #{productId,jdbcType=INTEGER}) )
        </if>
        AND t.type = #{type,jdbcType=INTEGER}
        GROUP BY t.store_id, t.product_id
        LIMIT ${skip},${limit}
    </select>

</mapper>