<?xml version="1.0" encoding="UTF-8"?>
<!DOCTYPE mapper PUBLIC "-//mybatis.org//DTD Mapper 3.0//EN" "http://mybatis.org/dtd/mybatis-3-mapper.dtd">
<mapper namespace="com.ddmc.kanban.dao.kanban.YestodayQualityControlBatchDao">

    <resultMap id="BaseResultMap" type="com.ddmc.kanban.model.yestodayquality.YestodayQualityControlBatch">
        <id column="id" jdbcType="INTEGER" property="id"/>
        <result column="quality_id" jdbcType="INTEGER" property="qualityId"/>
        <result column="batch_id" jdbcType="VARCHAR" property="batchId"/>
        <result column="product_id" jdbcType="INTEGER" property="productId"/>
        <result column="product_name" jdbcType="VARCHAR" property="productName"/>
        <result column="purchase_id" jdbcType="INTEGER" property="purchaseId"/>
        <result column="quality_judgment" jdbcType="INTEGER" property="qualityJudgment"/>
        <result column="reception_type" jdbcType="INTEGER" property="receptionType"/>
        <result column="quality_time" jdbcType="TIMESTAMP" property="qualityTime"/>
        <result column="show_status" jdbcType="TIMESTAMP" property="showStatus"/>
        <result column="create_time" jdbcType="TIMESTAMP" property="createTime"/>
    </resultMap>

    <resultMap id="DetailMap" type="com.ddmc.kanban.model.yestodayquality.YestodayQualityControlDetail">
        <result column="productId" jdbcType="INTEGER" property="productId"/>
        <result column="productName" jdbcType="VARCHAR" property="productName"/>
        <result column="planAmount" jdbcType="DECIMAL" property="planAmount"/>
        <result column="realAmount" jdbcType="DECIMAL" property="realAmount"/>
        <result column="settlementAmount" jdbcType="DECIMAL" property="settlementAmount"/>
        <result column="samplingQuantity" jdbcType="DECIMAL" property="samplingQuantity"/>
        <result column="samplingRate" jdbcType="DECIMAL" property="samplingRate"/>
        <result column="sizeInconformity" jdbcType="DECIMAL" property="sizeInconformity"/>
        <result column="oneUnqualified" jdbcType="DECIMAL" property="oneUnqualified"/>
        <result column="twoUnqualified" jdbcType="DECIMAL" property="twoUnqualified"/>
        <result column="threeUnqualified" jdbcType="DECIMAL" property="threeUnqualified"/>
        <result column="fourUnqualified" jdbcType="DECIMAL" property="fourUnqualified"/>
        <result column="unqualifiedRate" jdbcType="DECIMAL" property="unqualifiedRate"/>
        <result column="cableTicket" jdbcType="VARCHAR" property="cableTicket"/>
        <result column="ticketNumber" jdbcType="VARCHAR" property="ticketNumber"/>
        <result column="qualityJudgment" jdbcType="INTEGER" property="qualityJudgment"/>
        <result column="receptionType" jdbcType="INTEGER" property="receptionType"/>
        <result column="inspector" jdbcType="VARCHAR" property="inspector"/>

    </resultMap>

    <sql id="Base_Column_List">
        id,
        quality_id,
        batch_id,
        product_id,
        product_name,
        purchase_id,
        quality_judgment,
        reception_type,
        quality_time,
        show_status,
        create_time
    </sql>

    <sql id="Detail_Column_List">
		yqcb.product_id AS productId,
		yqcb.product_name AS productName,
		pp.amount AS planAmount,
		pp.real_amount AS realAmount,
		pp.settlement_amount AS settlementAmount,
		qc.sampling_quantity AS samplingQuantity,
		qc.sampling_rate AS samplingRate,
		qc.size_inconformity AS sizeInconformity,
		qc.one_unqualified AS oneUnqualified,
		qc.two_unqualified AS twoUnqualified,
		qc.three_unqualified AS threeUnqualified,
		qc.four_unqualified AS fourUnqualified,
		qc.unqualified_rate AS unqualifiedRate,
		qc.cable_ticket AS cableTicket,
		qc.ticket_number AS ticketNumber,
		yqcb.quality_judgment AS qualityJudgment,
		yqcb.reception_type AS receptionType,
		qc.inspector AS inspector
    </sql>

    <select id="getPageList" resultMap="BaseResultMap">
        SELECT
        <include refid="Base_Column_List"/>
        FROM
        yestoday_quality_control_batch
        WHERE
        show_status = 1
        ORDER BY
        quality_judgment ASC,
        quality_time DESC
        LIMIT #{startIndex},#{pageSize};
    </select>

    <select id="getPageListCount" resultType="java.lang.Integer">
        SELECT
            count(1)
        FROM
            yestoday_quality_control_batch
        WHERE
            show_status = 1
    </select>

    <select id="queryDetailByQualityId" resultMap="DetailMap">
    	SELECT 
    	<include refid="Detail_Column_List"/>
    	FROM
			yestoday_quality_control_batch yqcb
		JOIN purchase_product pp ON yqcb.purchase_id = pp.purchase_id
		AND yqcb.product_id = pp.product_id
		JOIN quality_control qc ON yqcb.quality_id = qc.quality_id
		WHERE
			yqcb.quality_id = #{qualityId}
		AND yqcb.show_status = 1
    </select>
    
    <select id="queryYestodayUnQualityData" resultMap="BaseResultMap">
    	SELECT
			pp.product_id,
			pp.product_name,
			p.purchase_id,
			qc.quality_id,
			qc.quality_judgment,
			qc.reception_type,
			qc.update_time AS quality_time
		FROM
			purchase p
		JOIN store s ON p.store_id = s.store_id
		JOIN purchase_product pp ON p.purchase_id = pp.purchase_id
		LEFT JOIN quality_control qc ON p.purchase_id = qc.purchase_id
		AND pp.product_id = qc.product_id
		WHERE
			p.`status` = 2
		AND pp.amount > 0
		AND s.city_id = #{cityId}
		AND s.type IN (1, 2) 
		AND p.update_time &gt;= #{startTime} 
		AND p.update_time &lt; #{endTime}
		AND pp.is_checkin = 1
		AND qc.quality_id IS NULL
    </select>
    
    <select id="queryYestodayQualifiedData" resultMap="BaseResultMap">
    	SELECT
			pp.product_id,
			pp.product_name,
			p.purchase_id,
			qc.quality_id,
			qc.quality_judgment,
			qc.reception_type,
			qc.update_time AS quality_time
		FROM
			purchase p
		JOIN store s ON p.store_id = s.store_id
		JOIN purchase_product pp ON p.purchase_id = pp.purchase_id
		JOIN quality_control qc ON p.purchase_id = qc.purchase_id
		AND pp.product_id = qc.product_id
		WHERE
			p.`status` = 2
		AND pp.amount > 0
		AND s.city_id = #{cityId}
		AND s.type IN (1, 2) 	
		AND p.update_time &gt;= #{startTime} 
		AND p.update_time &lt; #{endTime}
		AND qc.quality_judgment = 1
    </select>
    
	<select id="queryYestodayUnQualifiedData" resultMap="BaseResultMap">
    	SELECT
			pp.product_id,
			pp.product_name,
			p.purchase_id,
			qc.quality_id,
			qc.quality_judgment,
			qc.reception_type,
			qc.update_time AS quality_time
		FROM
			purchase p
		JOIN store s ON p.store_id = s.store_id
		JOIN purchase_product pp ON p.purchase_id = pp.purchase_id
		JOIN quality_control qc ON p.purchase_id = qc.purchase_id
		AND pp.product_id = qc.product_id
		WHERE
			p.`status` = 2
		AND pp.amount > 0
		AND s.city_id = #{cityId}
		AND s.type IN (1, 2) 	
		AND p.update_time &gt;= #{startTime} 
		AND p.update_time &lt; #{endTime}
		AND qc.quality_judgment = 0
    </select>
    
    <select id="queryCurrentBatchId" resultType="java.lang.String">
        SELECT
            batch_id
        FROM
            yestoday_quality_control_batch
        WHERE
            show_status = 1
            LIMIT 1;
    </select>

    <insert id="saveList" parameterType="java.util.List">
    	INSERT INTO yestoday_quality_control_batch (
			batch_id,
			product_id,
			product_name,
			purchase_id,
			quality_id,
			quality_judgment,
			reception_type,
			quality_time
		)
		VALUES
		<foreach collection="list" item="item" index= "index" separator =",">
		(
		    #{item.batchId},
		    #{item.productId},
		    #{item.productName},
		    #{item.purchaseId},
		    #{item.qualityId},
		    #{item.qualityJudgment},
		    #{item.receptionType},
		    #{item.qualityTime}
		)
		</foreach>
    </insert>

    <update id="updateOldDataHidden" parameterType="java.lang.String">
        UPDATE yestoday_quality_control_batch
        SET show_status = 0
        WHERE
            batch_id = #{originalBatchId}
          AND show_status = 1
    </update>

</mapper>