<?xml version="1.0" encoding="UTF-8"?>
<!DOCTYPE mapper PUBLIC "-//mybatis.org//DTD Mapper 3.0//EN" "http://mybatis.org/dtd/mybatis-3-mapper.dtd">
<mapper namespace="com.ddmc.kanban.dao.kanban.YestodayQualitySummaryDao">

    <resultMap id="BaseResultMap" type="com.ddmc.kanban.model.yestodayquality.YestodayQualitySummary">
    	<id column="id" jdbcType="INTEGER" property="id"/>
    	<result column="batch_id" jdbcType="DATE" property="batchId"/>
    	<result column="summary_date" jdbcType="DATE" property="summaryDate"/>
    	<result column="total_count" jdbcType="INTEGER" property="totalCount"/>
    	<result column="un_quality_count" jdbcType="INTEGER" property="unQualityCount"/>
    	<result column="un_qualified_count" jdbcType="INTEGER" property="unQualifiedCount"/>
    	<result column="create_time" jdbcType="TIMESTAMP" property="createTime"/>
    </resultMap>

    <sql id="Base_Column_List">
    	id,
    	batch_id,
    	summary_date,
    	total_count,
    	un_quality_count,
    	un_qualified_count,
    	create_time
    </sql>

    <insert id="save" parameterType="com.ddmc.kanban.model.yestodayquality.YestodayQualitySummary">
    	INSERT INTO yestoday_quality_summary (
    		batch_id,
			summary_date,
			total_count,
			un_quality_count,
			un_qualified_count
		)
		VALUES
			(#{batchId}, #{summaryDate}, #{totalCount}, #{unQualityCount}, #{unQualifiedCount})
    </insert>

    <select id="queryNewest" resultMap="BaseResultMap">
        SELECT
        <include refid="Base_Column_List"/>
        FROM
        yestoday_quality_summary
        ORDER BY
        id DESC
        LIMIT 1;
    </select>

</mapper>