<?xml version="1.0" encoding="UTF-8"?>
<configuration debug="false">

    <conversionRule conversionWord="clr" converterClass="org.springframework.boot.logging.logback.ColorConverter"/>
    <conversionRule conversionWord="wex"
                    converterClass="org.springframework.boot.logging.logback.WhitespaceThrowableProxyConverter"/>
    <conversionRule conversionWord="wEx"
                    converterClass="org.springframework.boot.logging.logback.ExtendedWhitespaceThrowableProxyConverter"/>
    <property name="CONSOLE_LOG_PATTERN"
              value="${CONSOLE_LOG_PATTERN:-%clr(%d{yyyy-MM-dd HH:mm:ss.SSS}){faint} %clr(${LOG_LEVEL_PATTERN:-%5p}) %clr(${PID:- }){magenta} %clr(---){faint} %clr([%15.15t]){faint} %clr(%-40.40logger{39}){cyan} %L %clr(:){faint} %m%n${LOG_EXCEPTION_CONVERSION_WORD:-%wEx}}"/>


    <!--定义日志文件的存储地址 勿在 LogBack 的配置中使用相对路径 /app/sv/logs -->
    <property name="LOG_HOME" value="/usr/src/kanban.ddxq.mobi/log"/>
    <!-- 控制台输出 -->
    <appender name="STDOUT" class="ch.qos.logback.core.ConsoleAppender">
        <encoder class="ch.qos.logback.classic.encoder.PatternLayoutEncoder">
            <!--格式化输出：%d表示日期，%thread表示线程名，%-5level：级别从左显示5个字符宽度%msg：日志消息，%n是换行符 -->
            <pattern>${CONSOLE_LOG_PATTERN}</pattern>
            <charset>utf-8</charset>
        </encoder>
    </appender>

    <!-- APPLICATION-APPENDER 当前应用的日志 -->
    <appender name="APPLICATION-APPENDER"
              class="ch.qos.logback.core.rolling.RollingFileAppender">
        <rollingPolicy class="ch.qos.logback.core.rolling.SizeAndTimeBasedRollingPolicy">
            <!--日志文件输出的文件名 -->
            <FileNamePattern>${LOG_HOME}/application.%d{yyyy-MM-dd}-%i.log</FileNamePattern>
            <!--日志文件保留天数 -->
            <MaxHistory>30</MaxHistory>
            <maxFileSize>500MB</maxFileSize>
        </rollingPolicy>
        <encoder class="ch.qos.logback.classic.encoder.PatternLayoutEncoder">
            <ImmediateFlush>true</ImmediateFlush>
            <!--格式化输出：%d表示日期，%thread表示线程名，%-5level：级别从左显示5个字符宽度%msg：日志消息，%n是换行符 -->
            <!--<pattern>%d{yyyy-MM-dd HH:mm:ss.SSS} %-5level [%thread] %logger{50} - %msg%n</pattern> -->
            <pattern>%d{yyyy-MM-dd HH:mm:ss.SSS} %-5level [%thread] %logger{50} %L %X -%msg%n</pattern>
        </encoder>
    </appender>


    <!--com.ddmc 包路径 additivity： 表示是否 想上层传递)-->
    <logger name="com.ddmc" level="INFO" additivity="true">
        <appender-ref ref="APPLICATION-APPENDER"/>
    </logger>

    <!-- 日志输出级别-->
    <root level="INFO">
        <appender-ref ref="STDOUT"/>
    </root>
</configuration>